{
	"name": "Drone",
    "version": "1.0.0",
    "title": "Drone",
    "author": "TIBCO Software Inc. [JGrote]",
    "type": "flogo:activity",
     
    "display": {
       "category": "GObot",
       "visible": true,
       "smallIcon": "icons/ic-drone.png",
       "largeIcon": "icons/ic-drone@2x.png",
       "description": "Activity to fly a Drone"
    },
 
    "ref": "github.com/JGrotex/tci-extensions/extensions/GObot/activity/drone",
	"inputs": [
	{
		"name": "function",
		"type": "string"
	},
	{
		"name": "username",
		"type": "string"
	},
	{
		"name": "tempfolder",
		"type": "string"
	},
	{
		"name": "flighttime",
		"type": "integer"
	}],
	"outputs": [{
		"name": "statusCode",
		"type": "integer"
	},
	{
		"name": "message",
		"type": "any"
	}]
}