{
    "name": "execgo",
    "version": "1.0.0",
    "title": "GOlang execution",
    "author": "TIBCO Software Inc. [JGrotex]",
    "type": "flogo:activity",
     
    "display": {
       "category": "Scripting",
       "visible": true,
       "smallIcon": "icons/ic-exec-go.png",
       "largeIcon": "icons/ic-exec-go@2x.png",
       "description": "Activity executes a GOlang from any remote URL location"
    },
 
    "ref": "github.com/JGrotex/tci-extensions/extensions/Scripting/activity/execgo",
    "inputs": [
           {
            "name": "Input",
            "type": "string",
            "required": true
           },
           {
            "name": "ScriptURL",
            "type": "string",
            "required": true
           }
    ],
    "outputs": [
          {
            "name": "Output",
            "type": "string"
          }
    ]
}